Sedgwick County Election Office,510 N Main, #101,Wichita
Bel Aire City Building,7651 E Central Park, Bel Aire,67226
Goddard District Conference Center,315 S Main, Goddard,67052
Grace Presbyterian Church,5002 E Douglas Ave, Wichita,67208
Haysville Community Library,210 Hays Ave, Haysville,67060
Machinists Building,3830 S Meridian Ave, Wichita,67217
Mt. Vernon Methodist Church,5701 E Mt Vernon St, Wichita,67218
Park City City Hall,1941 E 61st St N, Park City,67219
Progressive Missionary Baptist Church,2727 E 25th St N, Wichita,67219
Reformation Lutheran,7601 E 13th St N, Wichita,67206
Sdg Co Extension Ofc,7001 W 21st St N, Wichita,67205
SEIU Building,3340 W Douglas Ave, Wichita,67203
St Andrew's Lutheran,2555 Hyacinth Ln, Wichita,67204
Valley Center Community Center,314 Clay, Valley Center,67147
Westlink Church of Christ,10025 W Central Ave, Wichita,67212
Woodland Lakes Community Church,770 S Greenwich Rd, Wichita,67207
Woodlawn Methodist Church,431 S Woodlawn Blvd, Derby,67037
