"Monday, October 24 - Friday, October 28: 8 a.m. - 5 p.m."
"Saturday, October 29: 10 a.m. - 4 p.m."
"Monday, October 31 - Friday, November 4: 8 a.m. - 5 p.m."
"Saturday, November 5: 10 a.m. - 4 p.m."
"Monday, November 7: 8 a.m. - 12 p.m."
"Saturday, October 29: 10 a.m. - 4 p.m."
"Monday, October 31 - Friday, November 4: 10 a.m. - 4 p.m."
"Saturday, November 5: 10 a.m. - 4 p.m."
"Monday, November 7: CLOSED"
"Saturday, October 29: 10 a.m. - 4 p.m."
"Monday, October 31 - Friday, November 4: 10 a.m. - 4 p.m."
"Saturday, November 5: 10 a.m. - 4 p.m."
"Monday, November 7: CLOSED"
"Saturday, October 29: 10 a.m. - 4 p.m."
"Monday, October 31 - Friday, November 4: 10 a.m. - 4 p.m."
"Saturday, November 5: 10 a.m. - 4 p.m."
"Monday, November 7: CLOSED"
